Id_Materia;Nombre
2;HISTORIA DEL DISEÑO
3;INTRODUCCIÓN A LA PUBLICIDAD
4;ELEMENTOS DE DISEÑO I
5;DISEÑO Y COMUNICACIÓN
6;DISEÑOMÁTICA I
7;ELEMENTOS DE DISEÑO II
8;TÉCNICAS DE DIBUJO
9;ESTÉTICA
10;DISEÑOMÁTICA II
11;TÉCNICAS EXPRESIVAS
12;FOTOGRAFÍA
13;PRODUCCIÓN GRÁFICA
14;SEMIÓTICA
15;TALLER DE DISEÑO GRÁFICO
16;CULTURA ORGANIZACIONAL
17;TALLER DE DISEÑO PUBLICITARIO
18;CREACIÓN PUBLICITARIA
19;DISEÑOMÁTICA IV
20;FOTOGRAFÍA PUBLICITARIA
21;TECNOLOGÍA DE IMPRESIÓN
22;CAMPAÑAS PUBLICITARIAS Y DISEÑO
23;TECNOLOGÍA Y DISEÑO
24;DISEÑOMÁTICA V
25;TALLER DE DISEÑO I
26;TALLER DE DISEÑO II
27;TIPOGRAFÍA
28;TALLER DE DISEÑO III
29;TALLER DE DISEÑO IV
30;TALLER DE DISEÑO V
31;INTRODUCCIÓN A LAS MATEMÁTICAS
32;SISTEMAS DE INFORMACIÓN
33;RECURSOS INFORMÁTICOS
34;PROBABILIDAD Y ESTADÍSTICA
35;EMPRESA Y PRODUCCIÓN
36;SOCIOLOGÍA EMPRESARIAL
37;FUNDAMENTOS DE ECONOMÍA
38;PSICOLOGÍA EMPRESARIAL
39;MERCADOTECNIA I
40;GESTIÓN FINANCIERA
42;INVESTIGACIÓN OPERATIVA
43;DIRECCIÓN DE EMPRESAS
44;ADMINISTRACIÓN DE LA PRODUCCIÓN
45;EVALUACIÓN DE PROYECTOS
46;COMERCIO EXTERIOR
47;DERECHO CIVIL Y COMERCIAL
48;PLANIFICACIÓN Y CONTROL DE GESTIÓN
49;PSICOLOGÍA SOCIAL
50;PRINCIPIOS DE ORGANIZACIÓN
51;INGLÉS
52;OBLIGACIONES Y CONTRATOS
53;REDACCIÓN DE INFORMES
54;COMUNICACIONES INSTITUCIONALES
55;TÉCNICAS DE COMUNICACIÓN
56;GRUPO Y LIDERAZGO
57;PROCESOS DE PRODUCCIÓN
58;DERECHO LABORAL
59;SOCIOLOGÍA DE LAS ORGANIZACIONES
60;DISEÑO Y EVALUACIÓN DE PUESTOS
61;TEORÍA Y PRÁCTICA DE LA MOTIVACIÓN Y PROMOCIÓN
62;RELACIONES SINDICALES
63;ESTRATEGIAS Y MÉTODOS DE CAPACITACIÓN
64;RELACIONES PÚBLICAS
66;SEMINARIO DE GESTIÓN DE RECURSOS HUMANOS
67;ADMINISTRACIÓN DE PERSONAL
68;TEORÍA DE LA COMUNICACIÓN
69;TÉCNICAS PUBLICITARIAS
70;SOCIOLOGÍA FUNCIONAL
71;MACROECONOMÍA
72;TEORÍA Y PRÁCTICA DE MERCADO I
73;MATEMÁTICA APLICADA II
74;MICROECONOMÍA
75;INFORMÁTICA I
76;TEORÍA Y PRÁCTICA DE MERCADO II
77;TÉCNICAS Y ESTRATEGIAS DE COMERC. I
78;RECURSOS REGIONALES
79;SEMINARIO DE MERCADOS
80;ORGANIZACIÓN Y CONDUCCIÓN EMPRESARIA
81;CONDUCCIÓN DE PERSONAL
82;TÉCNICAS Y ESTRATEGIAS DE COMERC. II
83;MARCAS Y PATENTES
84;CANALES DE DISTRIBUCIÓN
85;POLÍTICA DE PRECIOS
86;SEMINARIO DE COMERCIALIZACIÓN
87;CONFECCIÓN DE INFORMES
88;PSICOLOGÍA MOTIVACIONAL
89;TEORÍA Y PRÁCTICA DE MERCADO III
90;INTROD. AL CONOCIMIENTO EN EL SIGLO 21
91;ORGANIZACIÓN EMPRESARIA
92;ORGANIZACIÓN DE LA INFORMACIÓN
93;INGLÉS I
94;PORTUGUÉS I
95;OFIMÁTICA I
96;COMUNICACIÓN ORGANIZACIONAL
97;INGLÉS II
98;PORTUGUÉS II
99;EXPRESIÓN ORAL Y ESCRITA (cursillo)
100;OFIMÁTICA II
101;CONDUCCIÓN Y LIDERAZGO
103;OPERATORIA BANCARIA, IMPUESTOS Y SERVICIOS
104;RELACIONES PÚBLICAS E INSTITUCIONALES
105;INGLÉS IV
106;PORTUGUÉS IV
107;SEMINARIO DE PRÁCTICA PROFESIONAL
108;INTRODUCCIÓN A LAS RELACIONES PÚBLICAS E INSTUCIONALES
109;CONDUCCIÓN Y ORGANIZACIÓN EMPRESARIAL
110;TÉCNICAS DE COMUNICACIÓN SOCIAL
111;EXPRESIÓN ORAL Y ESCRITA I
112;MEDIOS AUDIOVISUALES
113;COMUNICACIÓN E IMAGEN
114;PSICOLOGÍA DE LAS ORGANIZACIONES
115;TEORÍA Y PRACT. DE LAS RELACIONES PÚBLICAS E INSTITUCIONALES
116;EXPRESIÓN ORAL Y ESCRITA II
117;RELACIONES PÚBLICAS E INSTITUCIONALES APLICADAS
118;ORGANIZACIÓN DE EVENTOS
119;MERCADOTECNIA
120;SEMINARIO DE RELACIONES PÚBLICAS E INSTITUCIONALES
121;TÉCNICAS DE INVESTIGACIÓN SOCIAL
122;PROGRAMACIÓN LÓGICA
123;SISTEMAS DE PROCESAMIENTO DE DATOS I
124;MATEMÁTICA I
125;INGLÉS TÉCNICO I
126;TEORÍA DE LA EDUCACIÓN
127;ANTROPOLOGÍA FILOSÓFICA
128;PROGRAMACIÓN I
129;SISTEMAS DE PROCESAMIENTO DE DATOS II
130;MATEMÁTICA II
131;INGLÉS TÉCNICO II
132;BASES PSICOLÓGICAS DE LA EDUCACIÓN
133;PROGRAMACIÓN II
134;SISTEMAS DE PROCESAMIENTO DE DATOS III
135;MATEMÁTICA III
136;LENGUAJES GENERADORES DE INFORMES I
137;ÉTICA GENERAL
138;TEORÍA Y PRÁCTICA DE GRUPOS
139;PROGRAMACIÓN CIENTÍFICA
140;TÉCNICAS DE PROGRAMACIÓN
141;SISTEMAS ADMINISTRATIVOS I
142;LENGUAJES GENERADORES DE INFORMES II
143;DEONTOLOGÍA PROFESIONAL
144;SISTEMAS ADMINISTRATIVOS II
145;MATEMÁTICA APLICADA I
146;MINICOMPUTADORAS
147;SOCIOLOGÍA DE LA ORGANIZACIÓN EDUCATIVA
148;TECNOLOGÍA EDUCATIVA
149;SISTEMAS ADMINISTRATIVOS III
150;SEMINARIO II
151;TALLER DIDÁCTICO I Y ADSCRIPCIÓN
152;HISTORIA DE LA EDUCACIÓN ARGENTINA
153;POLÍTICA Y LEGISLACIÓN EDUCAC. ARGEN.
154;PSICOLOGÍA DEL APRENDIZAJE
155;PLANEAMIENTO DE LOS SISTEMAS EDUCATIVOS
156;ORGANIZACIÓN Y ADMINISTRACIÓN ESCOLAR
157;TECNOLOGÍA EDUCATIVA II
158;RESIDENCIA DOCENTE
159;ECONOMÍA DE LA EDUCACIÓN
160;SEMINARIO PEDAGÓGICO
161;TALLER DIDÁCTICO II Y RESIDENCIA DOCENTE
163;OFIMÁTICA
164;LÓGICA I
165;HARDWARE
166;LÓGICA II
167;ESTRUCTURA DE DATOS
168;APLICACIONES ADMINISTRATIVAS
170;TEORÍA DE BASE DE DATOS
171;PRINCIPIOS DE ORGANIZ. Y ADMINISTRACIÓN
172;PROGRAMACIÓN DE PÁGINAS
173;MATEMÁTICA APLICADA
174;SISTEMAS OPERATIVOS
175;SEMINARIO I
176;ANÁLISIS DE SISTEMAS
177;INTERFAZ GRÁFICA
178;COMERCIALIZACIÓN
179;MERCADOS TURÍSTICOS
180;SERVICIOS TURÍSTICOS
181;PRODUCTO  TURÍSTICO I
182;SISTEMAS DE INFORMACIÓN PARA TURISMO
183;INGLÉS III
184;PRODUCTO TURÍSTICO II
185;ADMINISTRACIÓN HOTELERA
186;PROCESOS HISTÓRICOS, MUNDIALES Y ARGENTINOS
187;VENTA DE SERVICIOS TURÍSTICOS I
188;PORTUGUÉS III
189;PROGRAMACIÓN TURÍSTICA
190;VENTA DE SERVICIOS TURÍSTICOS II
191;SISTEMAS DE VENTAS
192;SISTEMAS ADMINISTRATIVOS
193;PSICOLOGÍA DE LA VENTA
194;TEORÍA Y PRÁCTICA DE MERCADO
195;TÉCNICAS DE VENTA
196;TÉCNICAS Y ESTRATEGIAS DE COMERC.
197;ADMINISTRACIÓN DE LA VENTA
198;ADMINISTRACIÓN DE RECURSOS HUMANOS
199;TÉCNICAS DE NEGOCIACIÓN
200;SEMINARIO DE GESTIÓN DE VENTAS
201;COMERCIO INTERNACIONAL I
202;IDIOMA EXTRANJERO I
203;IDIOMA EXTRANJERO II
204;COMERCIO INTERNACIONAL II
205;GEOGRAFÍA ECONÓMICA
206;GEOGRAFÍA ECONÓMICA II
207;ANÁLISIS DE COSTOS
208;NEGOCIOS INTERNACIONALES
209;INFORMÁTICA II
210;SEMINARIO DE COMERCIALIZACIÓN I
211;TRÁMITES ADUANEROS
212;ELEMENTOS DE DERECHO COMERCIO INTERNACIONAL
213;LOGÍSTICA
214;MARKETING DE COMERCIO INTERNACIONAL
215;SEMINARIO DE COMERCIALIZACIÓN II
216;BIOLOGÍA Y MEDIO AMBIENTE 
217;CLIMA Y SUELO
218;MANEJO DE SUELOS
219;PRINCIPIOS DE ADMINISTRACIÓN
220;INTRODUCCIÓN A LA PRODUCCIÓN AGROPECUARIA
221;ENTORNO ECONÓMICO
222;PRODUCCIÓN VEGETAL
223;ECONOMÍA DE EMPRESAS
224;PRODUCCIÓN ANIMAL
225;TECNOLOGÍA AGROPECUARIA I
226;ELEMENTOS DE CONTABILIDAD
227;TECNOLOGÍA AGROPECUARIA II
228;MERCADOTECNIA II
229;FORMACIÓN DE PRECIOS AGROPECUARIOS
230;ESTRUCTURA DE COSTOS
231;PRODUCCIÓN AGROINDUSTRIAL
232;SEMINARIO FINAL
233;PRODUCCIONES NO TRADICIONALES
234;PUBLICIDAD I
235;PSICOLOGÍA APLICADA A LA PUBLICIDAD I
236;COMERCIALIZACIÓN I
237;PUBLICIDAD II
238;PRODUCCIÓN AUDIOVISUAL
239;PSICOLOGÍA APLICADA A LA PUBLICIDAD II
240;COMERCIALIZACIÓN II
241;SEMINARIO DE REDACCIÓN
242;ESTADÍSTICA APLICADA A LA PUBLICIDAD I
243;CREACIÓN PUBLICITARIA I
244;PLANIFICACIÓN Y MEDIOS I
245;SEMINARIO DE T.V.
246;ESTADÍSTICA APLICADA A LA PUBLICIDAD II
247;CREACIÓN PUBLICITARIA II
248;PLANIFICACIÓN Y MEDIOS II
249;INVESTIGACIÓN EN PUBLICIDAD Y COMERC. I
250;SEMINARIO DE PRÁCTICA PROFESIONAL I
251;IDIOMA EXTRANJERO
252;PRODUCCIÓN TELEVISIVA
253;ÉTICA Y DEONTOLOGÍA PROFESIONAL
254;INVESTIGACIÓN EN PUBLICIDAD Y COMERC. II
255;HISTORIA DE LA CULTURA
256;DISEÑOMÁTICA III
257;PUBLICIDAD
258;MARKETING I
259;COMUNICACIÓN VISUAL
260;ANÁLISIS DE LOS MEDIOS DE COMUNICACIÓN
261;PRODUCCIÓN TELEVISIVA I
262;COMPORTAMIENTO DEL CONSUMIDOR
263;MARKETING II
264;GRAMÁTICA APLICADA
265;PLANEAMIENTO DE LA COMUNICACIÓN I
266;CULTURA ORGANIZACIONAL I
267;PLANEAMIENTO DE LA COMUNICACIÓN II
268;CULTURA ORGANIZACIONAL II
269;ADMINISTRACIÓN
270;PRODUCCIÓN TELEVISIVA II
271;SEMINARIO DE PRÁCTICA PROFESIONAL II
272;FILOSOFÍA DE LA CIENCIA Y LA TÉCNICA I
273;FILOSOFÍA DE LA CIENCIA Y LA TÉCNICA II
274;FUNDAMENTOS TEÓRICOS DE LA TECNOLOGÍA EDUCATIVA
275;SEMINARIO
276;PUBLIMÁTICA I
277;PUBLIMÁTICA II
278;PUBLIMÁTICA III
279;ELEMENTOS DE ANÁLISIS ECONÓMICO Y SOCIAL I
280;ELEMENTOS DE ANÁLISIS ECONÓMICO Y SOCIAL II
281;ORGANIZACIÓN Y ADMINISTRACIÓN DE LA EMPRESA PUBLICITARIA
282;TALLER DE T.V.
283;SEMINARIO DE ATENCIÓN DE CUENTAS
284;TEORÍA Y PRÁCTICA DEL COMERCIO INTERNACIONAL
285;SEMINARIO DE CONSOLIDACIÓN I
286;SEMINARIO DE CONSOLIDACIÓN II
287;PROGRAMACIÓN ORIENTADA A OBJETOS
288;SOCIOLOGÍA DEL PODER
289;INFORMÁTICA Y MERCADOTECNIA
293;DIGITALIZACIÓN
294;ECOLOGÍA
296;GESTIÓN DEL RECURSO AGUA
299;SONIDO Y MUSICALIZACIÓN
300;VIDEO I
301;ANIMACIÓN
302;TALLER DE MULTIMEDIA
303;VIDEO II
304;NEGOCIOS Y MULTIMEDIA
305;GESTIÓN DE PROYECTOS MULTIMEDIA
306;MULTIMEDIA Y REDES
309;CONFECCIÓN Y ANÁLISIS DE TEXTOS  I
310;CONFECCIÓN Y ANÁLISIS DE TEXTOS  II
311;LENGUAJE AUDIOVISUAL  I
312;LENGUAJE VERBAL
313;LENGUAJE AUDIOVISUAL  II
314;COMUNICACIÓN PERSUASIVA
315;MULTIMEDIA  I
317;MULTIMEDIA  II
318;DISEÑO DE PÁGINAS
319;CULTURA CONTEMPORÁNEA
320;COMUNICACIÓN Y REDES
321;GESTIÓN DE LA COMUNICACIÓN
322;ELEMENTOS DE CONTABILIDAD  I
323;MATEMÁTICA
324;OPERATORIA Y AUDITORÍA BANCARIA Y SERVIC
325;GESTIÓN FINANCIERA  I
327;ELEMENTOS DE CONTABILIDAD  II
328;AUDITORÍA OPERATIVA
329;GESTIÓN FINANCIERA  II
330;DIRECCIÓN GENERAL
331;ANÁLISIS CONTABLE Y FINANCIERO
332;AUDITORÍA DE SISTEMAS
333;INTRODUCCIÓN AL DERECHO
334;HISTORIA DEL DERECHO
335;TRAMITACIONES  I
336;LOGÍSTICA Y NEGOCIOS
337;GESTIÓN DEL RECURSO AIRE
338;USO Y GESTIÓN DE RECURSOS NATURALES
339;COMUNICACIÓN RADIAL
341;DERECHO PRIVADO
342;TRAMITACIONES  II
343;TEORÍA DEL ESTADO
344;DERECHO PÚBLICO
345;NEGOCIACIÓN
346;TEORÍA DE LA ARGUMENTACIÓN JURÍDICA
348;DERECHO CONSTITUCIONAL
349;TEORÍA GENERAL DEL PROCESO
350;ORATORIA
351;DERECHO DEL CONSUMIDOR
352;DERECHO PROCESAL PENAL
353;RÉGIMEN TRIBUTARIO
354;MARKETING DE LOS SERVICIOS PROFESIONALES
355;DERECHO BANCARIO Y MERCADO DE CAPITALES
356;DERECHO AMBIENTAL
357;DERECHO PROCESAL CIVIL
358;CONTABILIDAD BÁSICA Y DE GESTIÓN
359;SOCIOLOGÍA GENERAL
360;GESTIÓN DEL RECURSO SUELO
362;TRATAMIENTO DE RESIDUOS
363;ALGORITMIA I
364;HARDWARE I
365;TÉCNICAS DIGITALES
366;HISTORIA DE LA CULTURA I
367;EXPRESIÓN CORPORAL
368;DANZA I
370;EVALUACIÓN DE IMPACTO AMBIENTAL I
373;DERECHO Y LEGISLACIÓN AMBIENTAL
374;TEORÍA Y PRÁCTICA DE LA COMUNICACIÓN
375;INVESTIGACIÓN DE MERCADO
376;SIST. DE INFORMACIÓN
377;TECNOLOGÍA AGROPECUARIA
378;MERCADOS AGROALIMENTARIOS
379;ÁLGEBRA
380;MEDICIONES DEL MEDIO AMBIENTAL
381;SISTEMAS DE CONTROL DE GESTIÓN AMBIENTAL
382;EVALUACIÓN DE IMPACTO AMBIENTAL II
384;DERECHO PRIVADO I
385;DERECHO PRIVADO II
387;DERECHO INTEGRAL REGIONAL
390;CÁLCULO NUMÉRICO
391;NUEVAS TENDENCIAS DE MERCADOTECNIA
392;GESTIÓN Y EVALUACIÓN DEL PLAN DE MARKETING
393;ESTADISTÍCA APLICADA A LA PUBLICIDAD
394;PRODUCCIÓN RADIAL
395;COMERCIO INTERNACIONAL
396;TOMA DE DECISIÓN
397;DIAGNÓSTICO ORGANIZACIONAL
398;EVALUACIÓN Y DISEÑO DE PUESTOS
400;IMPACTO AMBIENTAL Y EMPRESA
401;DERECHO CIV. Y COM.
405;PRODUCCIÓN TV II
406;PROD. RADIAL
407;ADMIN. DE BASES DE DATOS (ORACLE) INICIA
408;SOCIEDAD Y SISTEMA EDUCATIVO I
409;APRENDIZAJE I
410;PRÁCTICA DOCENTE I
411;FÍSICA I
412;SOCIEDAD Y SISTEMA EDUCATIVO II
413;APRENDIZAJE II
414;PRÁCTICA DOCENTE II
415;QUÍMICA I
416;LÓGICA
417;INFORMÁTICA
418;INSTITUCIÓN ESCOLAR
419;INSTITUCIÓN ESCOLAR I
420;ENSEÑANZA Y CURRÍCULO I
421;MATERIALES I
422;PRÁCTICA DOCENTE III
423;FÍSICA II
424;PSICOLOGÍA Y CULTURA DEL ADOLESCENTE
425;INSTITUCIÓN ESCOLAR II
426;ENSEÑANZA Y CURRÍCULO II
427;MATERIALES II
428;PRÁCTICA DOCENTE IV
429;TECNOLOGÍA DE LA INFORMACIÓN Y LA COMUNI
430;SISTEMAS DE REPRESENTACIÓN
431;TALLER DE INVESTIGACIÓN I
432;INVESTIGACIÓN EDUCATIVA I
433;SISTEMAS TECNOLÓGICOS I
434;PRÁCTICA DOCENTE V
435;SOCIEDAD, CIENCIA Y TECNOLOGÍA
436;ECONOMÍA Y PRODUCCIÓN
437;GESTIÓN DE SISTEMAS DE PRODUCCIÓN
438;INVESTIGACIÓN EDUCATIVA II
439;SISTEMAS TECNOLÓGICOS II
440;PRÁCTICA DOCENTE VI
441;SISTEMAS DE PRODUCCIÓN DE BIENES Y SERVI
442;ELECTRICIDAD Y ELECTROTECNIA
443;TALLER DE INVESTIGACIÓN II
444;PRÁCTICA DOCENTE VII
445;EDUCACIÓN TECNOLÓGICA I
446;PROYECTO TECNOLÓGICO I
447;SISTEMAS TECNOLÓGICOS DE AVANZADA
448;BIOTECNOLOGÍA
449;PRÁCTICA DOCENTE VIII
450;EDUCACIÓN TECNOLÓGICA II
451;PROYECTO TECNOLÓGICO II
452;ELECTRÓNICA Y CONTROL
453;ÉTICA PROFESIONAL
454;ESTADÍSTICA
455;LOGÍSTICA DE ABASTECIMIENTO
456;SERVUCCIÓN
457;LOGÍSTICA DE PRODUCCIÓN
459;CALIDAD Y LOGÍSTICA
460;AUDITORÍA DE LOGÍSTICA
461;LOGÍSTICA DE DISTRIBUCIÓN
462;ADMINISTRACIÓN DE OPERACIONES
463;CADENA DE ABASTECIMIENTO
464;TRANSPORTES
465;LOGÍSTICA Y REDES DE COMUNICACIÓN
467;COOPERATIVISMO Y MUTUALISMO
468;REDES Y COMUNICACIONES
469;ELECTRÓNICA  I
470;REDES Y COMUNICACIONES  I
471;TEORÍA DE SEÑALES
472;REDES Y COMUNICACIONES  II
473;ELECTRÓNICA  II
474;SEGURIDAD EN REDES
475;REDES Y COMUNICACIONES  III
476;SEMINARIO DE REDES
477;COMUNICACIÓN INSTITUCIONAL
478;ALMACENAMIENTO I
479;ALMACENAMIENTO II
480;IMPLEMENTACIÓN DE NORMAS DE CALIDAD
481;TIPOLOGÍA DE GRANOS
482;CERTIFICACIÓN DE CALIDAD ALIMENTARIA
483;IMPORTACIONES
484;CLASIFICACIÓN ARANCELARIA I
485;DERECHO TRIBUTARIO I
486;VALORACIÓN I - IMPORTACIÓN
487;PRÁCTICA PROFESIONAL I - IMPORTACIÓN
488;EXPORTACIONES
489;CLASIFICACIÓN ARANCELARIA II
490;DERECHO TRIBUTARIO II
491;VALORACIÓN II - EXPORTACIÓN
492;PRÁCTICA PROFESIONAL II - EXPORTACIÓN
493;PRÁCTICA CONTABLE
494;RÉGIMEN TRIBUTARIO I
495;RÉGIMEN TRIBUTARIO II
496;INTRODUCCIÓN A LA FILOSOFÍA
497;TÉCNICAS DE INVESTIGACIÓN SOCIAL I
498;DISEÑOMÁTICA MULTIMEDIAL I
499;DISEÑOMÁTICA MULTIMEDIAL II
500;DISEÑOMÁTICA MULTIMEDIAL III
501;HIGIENE Y SEGURIDAD EN EL TRABAJO
502;TERRITORIO Y PLANIFICACIÓN AMBIENTAL
503;EXPRESIÓN ORAL Y ESCRITA
504;QUÍMICA GENERAL Y AMBIENTAL
505;PROGRAMACIÓN WEB
506;SISTEMAS ECOLÓGICOS
507;PROCESOS AMBIENTALES
508;SEMINARIO EN PRÁCTICA EN SISTEMAS ECOLÓGICOS
509;MONITOREO AMBIENTAL
510;RESIDUOS SÓLIDOS
511;SISTEMA DE GESTIÓN AMBIENTAL I
512;SEMINARIO DE PRÁCTICA DE PLANIFICACIÓN
513;RESIDUOS PELIGROSOS
514;GESTIÓN DE LOS RECURSOS NATURALES
515;SISTEMA DE GESTIÓN AMBIENTAL II
516;EDICIÓN DIGITAL
517;PLANTAS ORNAMENTALES I
518;TALLER DE DIBUJO
519;TEORÍA Y COMPOSICIÓN EN DISEÑO DEL PAISAJE I
520;HARDWARE Y CONSOLAS
521;HISTORIA Y ANÁLISIS DE LOS VIDEOJUEGOS
522;PROGRAMACIÓN LÓGICA I
523;PROGRAMACIÓN LÓGICA II
524;EDICIÓN DE IMÁGENES DIGITALES
525;LABORATORIO DE VIDEOJUEGOS I
526;GUIONADO DE SIMULACIONES VIRTUALES Y VIDEOJUEGOS
527;DISEÑOMÁTICA PARA VIDEOJUEGOS I
528;PROGRAMACIÓN
529;LABORATORIO DE VIDEOJUEGOS II
530;DISEÑOMÁTICA DE VIDEOJUEGOS II
531;EDICIÓN DIGITAL DE VIDEO
532;TALLER DE SIMULACIONES VIRTUALES Y VIDEOJUEGOS
533;MOTORES GRÁFICOS
534;GESTIÓN Y PROYECTOS DE SIMULACIONES VIRTUALES Y VIDEOJUEGOS
535;DISEÑOMÁTICA DE VIDEOJUEGOS III
536;NEGOCIOS Y SIMULACIONES VIRTUALES
537;SEMINARIO FINAL DE SIMULACIONES VIRTUALES Y VIDEOJUEGOS
538;PRODUCCIÓN AUDIOVISUAL I
539;PRODUCCIÓN AUDIOVISUAL II
540;REDACCIÓN PUBLICITARIA
541;DIRECCIÓN DE CUENTAS
542;PUBLICIDAD DIGITAL
543;LABORATORIO DE PROGRAMACIÓN I
544;LABORATORIO DE PROGRAMACIÓN II
545;MATEMÁTICA DISCRETA
546;LABORATORIO DE PROGRAMACIÓN III
547;APLICACIONES WEB I
548;APLICACIONES WEB II
549;ÉTICA Y DEONTOLOGÍA
550;BASE DE DATOS I
551;BASE DE DATOS II
552;INGENIERÍA DE SOFTWARE
553;INTRODUCCIÓN A LA FÍSICA-QUÍMICA Y BIOLOGÍA DE LOS SISTEMAS NATURALES
554;SANIDAD VEGETAL I
555;INTRODUCCIÓN A LA BOTÁNICA Y BIOLOGÍA VEGETAL
556;MEDIO AMBIENTE APLICADO AL JARDÍN
557;PRÁCTICA PROFESIONAL I
558;PROYECTO DE DISEÑO DEL JARDÍN I
559;PROYECTO DE DISEÑO DEL JARDÍN II
560;TEORÍA Y COMPOSICIÓN EN DISEÑO DEL PAISAJE II
561;PRÁCTICA PROFESIONAL II
562;PLANTAS ORNAMENTALES II
563;TÉCNICAS DE JARDINERÍA
564;REPRODUCCIÓN DE ESPECIES VEGETALES
565;EQUIPAMIENTO
566;SANIDAD VEGETAL II
567;PSICOLOGÍA AMBIENTAL
568;CONSTRUCCIÓN EN ARQUITECTURA DE PAISAJE I
569;ÁRBOLES Y PLANTAS AUTÓCTONAS
570;LEGISLACIÓN AMBIENTAL
571;PLANIFICACIÓN Y EJECUCIÓN DE OBRAS
572;CONSTRUCCIÓN DE ARQUITECTURA DE PAISAJE II
573;ANÁLISIS Y DIAGNÓSTICO AMBIENTAL
574;TECNOLOGÍA PARA TELEVISIÓN DIGITAL E INTERNET
575;FOTOGRAFÍA E ILUMINACIÓN
576;GUIÓN
577;LABORATORIO DE VIDEO CLIP
578;TECNOLOGÍA DEL SONIDO
579;PSICOLOGÍA DEL ESPECTADOR Y EL INTERNAUTA
580;DIRECCIÓN DE CÁMARAS
581;PRODUCCIÓN Y REALIZACIÓN DEL GÉNERO DOCUMENTAL
582;SEMINARIO DE REALIZACIÓN PARA TELEVISIÓN O WEB TV I
583;SEMINARIO DE REALIZACIÓN PARA TELEVISIÓN O WEB TV II
584;TELEVISIÓN INTERACTIVA Y WEB TV
585;ESCENOGRAFÍA Y VESTUARIO
586;RÉGIMEN JURÍDICO DE LA TELEVISIÓN E INTERNET
587;PRODUCCIÓN Y REALIZACIÓN DE GÉNERO INFORMATIVO
588;PUESTA EN ESCENA Y DIRECCIÓN DE ACTORES
589;MARKETING AUDIOVISUAL
590;PRODUCCIÓN Y REALIZACIÓN DE GÉNERO DE ENTRETENIMIENTO
591;PRODUCCIÓN Y REALIZACIÓN DE FICCIÓN
592;TRABAJO FINAL DE REALIZACIÓN PARA TELEVISIÓN O WEB TV
593;TEORÍA DE LAS REDES SOCIALES
594;ANÁLISIS Y CONFECCIÓN DE TEXTOS I
595;LEGISLACIÓN DE LA INFORMACIÓN
596;COMUNICACIÓN PERSUASIVA
597;ANÁLISIS Y CONFECCIÓN DE TEXTOS II
598;GESTIÓN DE PROYECTOS DE COMUNICACIÓN
599;DISEÑO MULTIMEDIAL I
600;DISEÑOMATICA MULTIMEDIAL II
601;HISTORIA CONTEMPORÁNEA
602;MARKETING DIGITAL
603;1- MATEMÁTICA
604;1- LENGUA Y LITERATURA
605;1- INGLÉS
606;1- CS. NATURALES - FÍSICO QUÍMICA
607;1- CS. NATURALES - BIOLOGÍA
608;1- CS. SOCIALES - GEOGRAFÍA
609;1- CS. SOCIALES - HISTORIA
610;1- TALLER DE CIUDADANÍA Y PARTICIPACIÓN
611;1- FORMACIÓN PARA EL TRABAJO
612;1- TALLER ORIENTACIÓN VOCACIONAL-OCUPACIONAL
613;2- MATEMÁTICA
614;2- LENGUA Y LITERATURA
615;2- INGLÉS
616;2- QUÍMICA
617;2- FÍSICA
618;2- PSICOLOGÍA SOCIAL
619;2- CS. SOCIALES - HISTORIA
620;2- PROBLEMÁTICAS ECONÓMICAS ACTUALES
621;2- DERECHO DEL TRABAJO Y LA SEGURIDAD SOCIAL
622;2- ANTROPOLOGÍA SOCIAL Y CULTURAL
623;3- MATEMÁTICA
624;3- LENGUA Y LITERATURA
625;3- INGLÉS
626;3- PROBLEMÁTICA DE SALUD HUMANA Y AMBIENTAL
627;3- SOCIOLOGÍA
628;3- ESPACIO Y SOCIEDAD EN ARGENTINA Y AMÉRICA LATINA
629;3- ESTADO Y ORGANIZACIONES SOCIALES
630;3- GESTIÓN Y PROMOCIÓN SOCIOCULTURAL
631;3- ESPACIO DE VINCULACIÓN CON EL SECTOR
632;EVALUACIÓN DE PROYECTOS LOGÍSTICOS
633;RECURSOS NATURALES
634;TURISMO SUSTENTABLE
635;LEGISLACIÓN TURÍSTICA
636;ADAPTACIÓN A LOS ESTUDIOS DE NIVEL SUPERIOR
637;ADMINISTRACIÓN DE LAS ORGANIZACIONES
638;SEGURIDAD I
639;LEGISLACIÓN LABORAL
640;QUÍMICA GENERAL Y ORGÁNICA
641;INTRODUCCIÓN A LOS ESTUDIOS SUPERIORES
642;PRÁCTICA PROFESIONALIZANTE I - RRHH
643;PRÁCTICA PROFESIONALIZANTE II - RRHH
644;PRÁCTICA PROFESIONALIZANTE III - RRHH
645;PRÁCTICA PROFESIONALIZANTE I - RRPP
646;PRÁCTICA PROFESIONALIZANTE II - RRPP
647;PRÁCTICA PROFESIONALIZANTE III - RRPP
648;PRÁCTICA PROFESIONALIZANTE I - GCF
649;PRÁCTICA PROFESIONALIZANTE II - GCF
650;PRÁCTICA PROFESIONALIZANTE III - GCF
651;PRÁCTICA PROFESIONALIZANTE I - AA
652;PRÁCTICA PROFESIONALIZANTE II - AA
653;PRÁCTICA PROFESIONALIZANTE III - AA
654;PRÁCTICA PROFESIONALIZANTE I - CI
655;PRÁCTICA PROFESIONALIZANTE II - CI
656;PRÁCTICA PROFESIONALIZANTE I - GJ
657;PRÁCTICA PROFESIONALIZANTE II - GJ
658;PRÁCTICA PROFESIONALIZANTE III - GJ
659;PRÁCTICA PROFESIONALIZANTE I - TUR
660;PRÁCTICA PROFESIONALIZANTE II - TUR
661;PRÁCTICA PROFESIONALIZANTE III - TUR
662;PRÁCTICA PROFESIONALIZANTE I - LOG
663;PRÁCTICA PROFESIONALIZANTE II - LOG
664;PRÁCTICA PROFESIONALIZANTE III - LOG
665;PRÁCTICA PROFESIONALIZANTE I - DG
666;PRÁCTICA PROFESIONALIZANTE II - DG
667;PRÁCTICA PROFESIONALIZANTE III - DG
668;PRÁCTICA PROFESIONALIZANTE I - MG
669;PRÁCTICA PROFESIONALIZANTE II - MG
670;PRÁCTICA PROFESIONALIZANTE III - MG
671;PRÁCTICA PROFESIONALIZANTE I - IA
672;PRÁCTICA PROFESIONALIZANTE II - IA
673;PRÁCTICA PROFESIONALIZANTE III - IA
674;PRÁCTICA PROFESIONALIZANTE IV - IA
675;PRÁCTICA PROFESIONALIZANTE I - MM
676;PRÁCTICA PROFESIONALIZANTE II - MM
677;PRÁCTICA PROFESIONALIZANTE III - MM
678;PRÁCTICA PROFESIONALIZANTE I - MK
679;PRÁCTICA PROFESIONALIZANTE II - MK
680;PRÁCTICA PROFESIONALIZANTE III - MK
681;PRÁCTICA PROFESIONALIZANTE I - ASC
682;PRÁCTICA PROFESIONALIZANTE II - ASC
683;PRÁCTICA PROFESIONALIZANTE III - ASC
684;GESTIÓN DE LAS REDES SOCIALES
685;PRÁCTICA PROFESIONALIZANTE I - SVV
686;PRÁCTICA PROFESIONALIZANTE II - SVV
687;PRÁCTICA PROFESIONALIZANTE III - SVV
688;PRÁCTICA PROFESIONALIZANTE IV - SVV
689;PRÁCTICA PROFESIONALIZANTE IV -ASC
690;HIGIENE, SEGURIDAD Y MEDIO AMBIENTE
691;ERGONOMÍA Y SALUD OCUPACIONAL
692;SELECCIÓN DE PERSONAL
693;TIPOGRAFÍA II
694;DIAGNÓSTICO COMUNICACIONAL
695;PRÁCTICA PROFESIONALIZANTE III - CI
696;PRÁCTICA PROFESIONALIZANTE IV - CI
697;COMUNICACIÓN Y EDUCACIÓN AMBIENTAL
698;MEDICINA DEL TRABAJO I
699;MEDICINA DEL TRABAJO II
700;PSICOLOGÍA LABORAL
701;PRÁCTICA I
702;PRÁCTICA II
703;PRÁCTICA III
704;ESTUDIOS DEL TRABAJO Y ERGONOMÍA
705;SEGURIDAD II
706;SEGURIDAD III
707;TEORÍA Y TÉCNICA DE LA COMUNICACIÓN
708;HIGIENE INDUSTRIAL Y MEDIO AMBIENTE I
709;HIGIENE INDUSTRIAL Y MEDIO AMBIENTE II
710;CONTROL DE LA CONTAMINACIÓN
711;CAPACITACIÓN DE PERSONAL
712;ESTADISTÍCA DE PROBABILIDADES Y COSTO DE LA SEGURIDAD
713;SISTEMAS DE GESTIÓN DE SEGURIDAD
714;METODOLOGÍA DE LA INVESTIGACIÓN
715;INTRODUCCIÓN A LA CREATIVIDAD
716;PRÁCTICA PROFESIONALIZANTE I - PUB
717;ARQUITECTURA DE COMPUTADORAS
718;PRÁCTICA PROFESIONALIZANTE I - PAI
719;PRÁCTICA PROFESIONALIZANTE II - PAI
720;PRÁCTICA PROFESIONALIZANTE III - PAI
721;PRÁCTICA PROFESIONALIZANTE IV - PAI
722;PRACTICA PROFESIONALIZANTE IV - DG
723;DISEÑOMATICA PARA VIDEOJUEGOS II
724;DISEÑOMATICA PARA VIDEOJUEGOS III
725;GESTION DE PROYECTOS DE VIDEO JUEGOS
726;PLANEAMIENTO ESTRATÉGICO
727;PRÁCTICA PROFESIONALIZANTE II -PUB
728;PRÁCTICA PROFESIONALIZANTE III -PUB
729;PRÁCTICA PROFESIONALIZANTE IV -PUB
730;PRODUCCIÓN DE PROYECTOS DE MULTIMEDIA
731;FORMACIÓN DOCENTE - PIEDRA, PAPEL Y TIC
732;RECURSOS CULTURALES Y PATRIMONIO
733;FÍSICA
734;HISTORIA DE LA MATERIALIZACIÓN E IMPRESIÓN 3D
735;DIBUJO PROYECTUAL 
736;TECNOLOGÍA I
737;DIBUJO TÉCNICO
738;MORFOLOGÍA 
739;PRÁCTICA PROFESIONALIZANTE I -3D 
740;PRÁCTICA PROFESIONALIZANTE II - 3D
741;PRÁCTICA PROFESIONALIZANTE III - 3D
742;CONCEPTOS PARAMÉTRICOS
743;GESTIÓN DE PROYECTOS DE IMPRESIÓN 3D
744;DISEÑO ASISTIDO POR COMPUTADORA
745;MODELADO 3D I 
746;TECNOLOGÍA II
747;CONTROL NUMÉRICO COMPUTARIZADO
748;MODELADO 3D II
749;LEGISLACIÓN Y PATENTES 
750;MÁQUINAS Y HERRAMIENTAS
751;PROGRAMACIÓN DE CONTROL NUMÉRICO COMPUTARIZADO I
752;NEGOCIOS E IMPRESIÓN 3D
753;TECNOLOGÍA III
754;PROGRAMACIÓN DE CONTROL NUMÉRICO COMPUTARIZADO II
755;ANÁLISIS MATEMÁTICO I
756;ELECTROTECNIA
757;ANÁLISIS MATEMÁTICO II
758;INTRODUCCIÓN A LA ROBÓTICA
759;ELECTRÓNICA I
760;ELECTRÓNICA II
761;PRÁCTICA PROFESIONALIZANTE I - ROB
762;PRÁCTICA PROFESIONALIZANTE II - ROB
763;PRÁCTICA PROFESIONALIZANTE III - ROB
764;ELECTRONEUMÁTICA
765;TÉCNICAS DIGITALES
766;MÁQUINAS ELÉCTRICAS
767;MICROCONTROLADORES
768;CIRCUITOS ELECTRÓNICOS
769;AUTOMATISMOS HIDRÁULICOS
770;SISTEMAS DE CONTROL I
771;SISTEMAS DE CONTROL II
772;SISTEMAS DE CONTROL III
773;PROYECTOS DE DOMÓTICA
774;MECANISMOS Y DISPOSITIVOS ROBÓTICOS I
775;MECANISMOS Y DISPOSITIVOS ROBÓTICOS II
776;CONTROL DE MOTORES ELÉCTRICOS
777;MEDICIONES
778;SEGURIDAD INDUSTRIAL
779;ÁLGEBRA I
780;HISTORIA DEL ARTE
781;PLATAFORMAS TECNOLÓGICAS
782;ANIMACIÓN I
783;ANIMACIÓN II
784;INTERFAZ GRÁFICA DE USUARIO
785;LABORATORIO DE VIDEOJUEGOS
786;FORMACION DOCENTE - REDACCION DIGITAL
787;PRESENTACIÓN DEL SEMINARIO DE MANERA EXITOSA
788;CURSO DE SCRUM
789;COMO ALCANZAR EL ÉXITO DE UN LOCAL COMERCIAL I
790;COMO ALCANZAR EL ÉXITO DE UN LOCAL COMERCIAL II
791;BIO MODELOS EN 3D
792;LA ORATORIA COMO HERAMIENTA COMERCIAL
793;ESTADÍSTICA Y EXPLORACIÓN DE DATOS I
794;INTRODUCCIÓN A LA INTELIGENCIA  ARTIFICIAL
795;ALGEBRA II
796;ESTADÍSTICA Y EXPLORACIÓN DE DATOS II
797;COMPUTACIÓN CIENTÍFICA
798;APRENDIZAJE AUTOMÁTICO I
799;APRENDIZAJE AUTOMÁTICO II
800;APRENDIZAJE AUTOMÁTICO III
801;BASES DE DATOS RELACIONALES
802;MINERÍA DE DATOS
803;HARDWARE Y SISTEMAS OPERATIVOS
804;PRÁCTICA PROFESIONALIZANTE I - INT
805;PRÁCTICA PROFESIONALIZANTE II - INT
806;PRÁCTICA PROFESIONALIZANTE III - INT
807;PRÁCTICA PROFESIONALIZANTE IV - INT
808;PROCESAMIENTO DEL LENGUAJE NATURAL I
809;PROCESAMIENTO DE GRANDES VOLÚMENES DE DATOS
810;PROCESAMIENTO DEL LENGUAJE NATURAL II
811;PROCESAMIENTO DE IMÁGENES
812;SISTEMAS EXPERTOS
813;DERECHO, SALUD Y VULNERABILIDAD
814;DISEÑO GRÁFICO I
815;DISEÑO GRÁFICO II
816;DISEÑO GRÁFICO III
817;HERRAMIENTAS INICIALES DE DISEÑO GRAFICO PARA PUBLICIDAD
818;PRÁCTICA PROFESIONALIZANTE I - PP -  CI
819;EXCEL AVANZADO
820;EXCEL BÁSICO
821;HABILITACIONES Y REQUISITOS LEGALES-AMBIENTALES
822;COMUNICACIÓN Y LIDERAZGO EFECTIVO CON PROGRAMACIÓN NEUROLINGÜÍSTICA
823;HISTORIAS EXPANDIDAS: DEL GUIÓN TRADICIONAL A LA NARRATIVA TRANSMEDIA
824;NO MIRES PARA OTRO LADO
825;DATA STRATEGY EN MARKETING DIGITAL
826;CLAVES IMPOSITIVAS PARA EMPRENDEDORES
827;COMO ALCANZAR EL ÉXITO DE UN LOCAL COMERCIAL
828;LA NUEVA FORMA DE LITIGAR EN LA JUSTICIA CORDOBESA
829;APRENDER EN UN CLIC
830;TALLER EXPERIENCIAL P.N.L Y LIDERAZGO
831;PLAN DE MEDIOS DIGITALES PARA TU MARCA
832;CÓMO CUMPLIR CON LA LEGISLACIÓN AMBIENTAL CORDOBESA
833;ELEGIR-TE:  TALLER DE ORIENTACIÓN VOCACIONAL
834;EXCEL INTERMEDIO
835;DESARROLLO DE “SOFT SKILLS
836;Introducción al modelado 3D en 3Ds Max
837;COMPETENCIAS DIGITALES PARA PROFESIONALES
